,First_Name,Gender,Race,Race_Detail
0,Aiguo,M,Asian,Chinese
1,An,M,Asian,Chinese
2,Angúo,M,Asian,Chinese
3,Bai,M,Asian,Chinese
4,Bingwen,M,Asian,Chinese
5,Bo,M,Asian,Chinese
6,Bohai,M,Asian,Chinese
7,Bojing,M,Asian,Chinese
8,Bolin,M,Asian,Chinese
9,Boqin,M,Asian,Chinese
10,Changpu,M,Asian,Chinese
11,Chanming,M,Asian,Chinese
12,Chao,M,Asian,Chinese
13,Chaoxiang,M,Asian,Chinese
14,Chen,M,Asian,Chinese
15,Cheng,M,Asian,Chinese
16,Chenglei,M,Asian,Chinese
17,Cheung,M,Asian,Chinese
18,Chi,M,Asian,Chinese
19,Chongan,M,Asian,Chinese
20,Chongkun,M,Asian,Chinese
21,Chonglin,M,Asian,Chinese
22,Chuanli,M,Asian,Chinese
23,Chung,M,Asian,Chinese
24,Délì,M,Asian,Chinese
25,Déshì,M,Asian,Chinese
26,Déwei,M,Asian,Chinese
27,Da,M,Asian,Chinese
28,Dai,M,Asian,Chinese
29,Delun,M,Asian,Chinese
30,Deming,M,Asian,Chinese
31,Dingbang,M,Asian,Chinese
32,Dingxiang,M,Asian,Chinese
33,Dong,M,Asian,Chinese
34,Donghai,M,Asian,Chinese
35,Duyi,M,Asian,Chinese
36,Enlai,M,Asian,Chinese
37,Fa,M,Asian,Chinese
38,Fai,M,Asian,Chinese
39,Fang,M,Asian,Chinese
40,Feng,M,Asian,Chinese
41,Fengge,M,Asian,Chinese
42,Fu,M,Asian,Chinese
43,Fuhua,M,Asian,Chinese
44,Gan,M,Asian,Chinese
45,Gang,M,Asian,Chinese
46,Geming,M,Asian,Chinese
47,Gen,M,Asian,Chinese
48,Genghis,M,Asian,Chinese
49,Guang,M,Asian,Chinese
50,Guangli,M,Asian,Chinese
51,Gui,M,Asian,Chinese
52,Guiren,M,Asian,Chinese
53,Guoliang,M,Asian,Chinese
54,Guotin,M,Asian,Chinese
55,Guowei,M,Asian,Chinese
56,Guozhi,M,Asian,Chinese
57,Hai,M,Asian,Chinese
58,He,M,Asian,Chinese
59,Heng,M,Asian,Chinese
60,Ho,M,Asian,Chinese
61,Hong,M,Asian,Chinese
62,Honghui,M,Asian,Chinese
63,Hongqi,M,Asian,Chinese
64,Hop,M,Asian,Chinese
65,Huan,M,Asian,Chinese
66,Huang Fu,M,Asian,Chinese
67,Hui,M,Asian,Chinese
68,Hulin,M,Asian,Chinese
69,Hung,M,Asian,Chinese
70,Huojin,M,Asian,Chinese
71,Jaw-long,M,Asian,Chinese
72,Jian,M,Asian,Chinese
73,Jiang,M,Asian,Chinese
74,Jianguo,M,Asian,Chinese
75,Jianjun,M,Asian,Chinese
76,Jianyu,M,Asian,Chinese
77,Jin,M,Asian,Chinese
78,Jing,M,Asian,Chinese
79,Jingguo,M,Asian,Chinese
80,Jinhai,M,Asian,Chinese
81,Jinjing,M,Asian,Chinese
82,Jun,M,Asian,Chinese
83,Junjie,M,Asian,Chinese
84,Kang,M,Asian,Chinese
85,Keung,M,Asian,Chinese
86,Kong,M,Asian,Chinese
87,Lì,M,Asian,Chinese
88,Lei,M,Asian,Chinese
89,Li,M,Asian,Chinese
90,Liang,M,Asian,Chinese
91,Liang,M,Asian,Chinese
92,Liko,M,Asian,Chinese
93,Ling,M,Asian,Chinese
94,Liu,M,Asian,Chinese
95,Liwei,M,Asian,Chinese
96,Lok,M,Asian,Chinese
97,Longwei,M,Asian,Chinese
98,Manchu,M,Asian,Chinese
99,Ming-húa,M,Asian,Chinese
100,Mingli,M,Asian,Chinese
101,Ming-tun,M,Asian,Chinese
102,Minsheng,M,Asian,Chinese
103,Minzhe,M,Asian,Chinese
104,Nianzu,M,Asian,Chinese
105,On,M,Asian,Chinese
106,Park,M,Asian,Chinese
107,Peng,M,Asian,Chinese
108,Pengfei,M,Asian,Chinese
109,Ping,M,Asian,Chinese
110,Qi,M,Asian,Chinese
111,Qianfan,M,Asian,Chinese
112,Qiang,M,Asian,Chinese
113,Qingshan,M,Asian,Chinese
114,Qingsheng,M,Asian,Chinese
115,Qiquiang,M,Asian,Chinese
116,Qiu,M,Asian,Chinese
117,Quan,M,Asian,Chinese
118,Quon,M,Asian,Chinese
119,Renshu,M,Asian,Chinese
120,Rong,M,Asian,Chinese
121,Ru,M,Asian,Chinese
122,Shàoqiáng,M,Asian,Chinese
123,Shìlín,M,Asian,Chinese
124,Shan,M,Asian,Chinese
125,Shanyuan,M,Asian,Chinese
126,Shen,M,Asian,Chinese
127,Shen,M,Asian,Chinese
128,Shi,M,Asian,Chinese
129,Shing,M,Asian,Chinese
130,Shining,M,Asian,Chinese
131,Shirong,M,Asian,Chinese
132,Shoi-ming,M,Asian,Chinese
133,Shoushan,M,Asian,Chinese
134,Shunyuan,M,Asian,Chinese
135,Shu-sai-chong,M,Asian,Chinese
136,Siyu,M,Asian,Chinese
137,Sueh-yén,M,Asian,Chinese
138,Sying,M,Asian,Chinese
139,Tao,M,Asian,Chinese
140,Tengfei,M,Asian,Chinese
141,Tingzhe,M,Asian,Chinese
142,Tsun-chùng,M,Asian,Chinese
143,Tung,M,Asian,Chinese
144,Wang,M,Asian,Chinese
145,Wei,M,Asian,Chinese
146,Weimin,M,Asian,Chinese
147,Weisheng,M,Asian,Chinese
148,Weiyuan,M,Asian,Chinese
149,Weizhe,M,Asian,Chinese
150,Wencheng,M,Asian,Chinese
151,Wenyan,M,Asian,Chinese
152,Wing,M,Asian,Chinese
153,Wuzhou,M,Asian,Chinese
154,Xiang,M,Asian,Chinese
155,Xianliang,M,Asian,Chinese
156,Xiaobo,M,Asian,Chinese
157,Xiaodan,M,Asian,Chinese
158,Xiaojian,M,Asian,Chinese
159,Xiaosi,M,Asian,Chinese
160,Xiaowen,M,Asian,Chinese
161,Xiasheng,M,Asian,Chinese
162,Xin,M,Asian,Chinese
163,Xing,M,Asian,Chinese
164,Xiu,M,Asian,Chinese
165,Xue,M,Asian,Chinese
166,Xueqin,M,Asian,Chinese
167,Xueyou,M,Asian,Chinese
168,Yang,M,Asian,Chinese
169,Yanlin,M,Asian,Chinese
170,Yaochuan,M,Asian,Chinese
171,Yaoting,M,Asian,Chinese
172,Yaozu,M,Asian,Chinese
173,Ye,M,Asian,Chinese
174,Yi,M,Asian,Chinese
175,Yingjie,M,Asian,Chinese
176,Yingpei,M,Asian,Chinese
177,Yong,M,Asian,Chinese
178,Yongliang,M,Asian,Chinese
179,Yongnian,M,Asian,Chinese
180,Yongrui,M,Asian,Chinese
181,Yongzheng,M,Asian,Chinese
182,You,M,Asian,Chinese
183,Yuanjun,M,Asian,Chinese
184,Yunxu,M,Asian,Chinese
185,Yusheng,M,Asian,Chinese
186,Zedong,M,Asian,Chinese
187,Zemin,M,Asian,Chinese
188,Zenguang,M,Asian,Chinese
189,Zhìxin,M,Asian,Chinese
190,Zhìyuan,M,Asian,Chinese
191,Zhen,M,Asian,Chinese
192,Zhengzhong,M,Asian,Chinese
193,Zhensheng,M,Asian,Chinese
194,Zhihuán,M,Asian,Chinese
195,Zhiqiang,M,Asian,Chinese
196,Zhong,M,Asian,Chinese
197,Zian,M,Asian,Chinese
198,Zihao,M,Asian,Chinese
199,Zixin,M,Asian,Chinese
200,Ah Cy,F,Asian,Chinese
201,Ah Kum,F,Asian,Chinese
202,Ah Lam,F,Asian,Chinese
203,Ai,F,Asian,Chinese
204,An,F,Asian,Chinese
205,Baozhai,F,Asian,Chinese
206,Bik,F,Asian,Chinese
207,Biyu,F,Asian,Chinese
208,Bo,F,Asian,Chinese
209,Changchang,F,Asian,Chinese
210,Changying,F,Asian,Chinese
211,Chao-xing,F,Asian,Chinese
212,Chenguang,F,Asian,Chinese
213,Chow,F,Asian,Chinese
214,Chu hua,F,Asian,Chinese
215,Chun,F,Asian,Chinese
216,Chunhua,F,Asian,Chinese
217,Chuntao,F,Asian,Chinese
218,Chyou,F,Asian,Chinese
219,Cuifen,F,Asian,Chinese
220,Da Chun,F,Asian,Chinese
221,Dai-tai,F,Asian,Chinese
222,Daiyu,F,Asian,Chinese
223,Dandan,F,Asian,Chinese
224,Da-Xia,F,Asian,Chinese
225,Dongmei,F,Asian,Chinese
226,Eu-fùnh,F,Asian,Chinese
227,Eu-meh,F,Asian,Chinese
228,Fang,F,Asian,Chinese
229,Far,F,Asian,Chinese
230,Fenfang,F,Asian,Chinese
231,Fung,F,Asian,Chinese
232,Guan-yin,F,Asian,Chinese
233,Hùifang,F,Asian,Chinese
234,Howin,F,Asian,Chinese
235,Hu,F,Asian,Chinese
236,Hua,F,Asian,Chinese
237,Hualing,F,Asian,Chinese
238,Huan,F,Asian,Chinese
239,Huian,F,Asian,Chinese
240,Huidai,F,Asian,Chinese
241,Huifang,F,Asian,Chinese
242,Huifen,F,Asian,Chinese
243,Huilang,F,Asian,Chinese
244,Huiliang,F,Asian,Chinese
245,Huiqing,F,Asian,Chinese
246,Huizhong,F,Asian,Chinese
247,Hwei-ru,F,Asian,Chinese
248,Jia,F,Asian,Chinese
249,Jiahui,F,Asian,Chinese
250,Jiao,F,Asian,Chinese
251,Jiayi,F,Asian,Chinese
252,Jiaying,F,Asian,Chinese
253,Jie,F,Asian,Chinese
254,Jingfei,F,Asian,Chinese
255,Jinghua,F,Asian,Chinese
256,Ju,F,Asian,Chinese
257,Juan,F,Asian,Chinese
258,Jun,F,Asian,Chinese
259,Kuai hua,F,Asian,Chinese
260,Kue ching,F,Asian,Chinese
261,Kwong,F,Asian,Chinese
262,Lì húa,F,Asian,Chinese
263,Lìxúe,F,Asian,Chinese
264,Lan,F,Asian,Chinese
265,Lanfen,F,Asian,Chinese
266,Lanying,F,Asian,Chinese
267,Lee,F,Asian,Chinese
268,Li,F,Asian,Chinese
269,Lian,F,Asian,Chinese
270,Lien,F,Asian,Chinese
271,Lien hua,F,Asian,Chinese
272,Lifen,F,Asian,Chinese
273,Lihua,F,Asian,Chinese
274,Lihwa,F,Asian,Chinese
275,Lijuan,F,Asian,Chinese
276,Liling,F,Asian,Chinese
277,Lin,F,Asian,Chinese
278,Lin,F,Asian,Chinese
279,Ling,F,Asian,Chinese
280,Ling,F,Asian,Chinese
281,Linqin,F,Asian,Chinese
282,Liqiu,F,Asian,Chinese
283,Liu,F,Asian,Chinese
284,Luli,F,Asian,Chinese
285,Méh-è,F,Asian,Chinese
286,Méh-fùnh,F,Asian,Chinese
287,Mei,F,Asian,Chinese
288,Mei,F,Asian,Chinese
289,Meifen,F,Asian,Chinese
290,Meifeng,F,Asian,Chinese
291,Meihui,F,Asian,Chinese
292,Meili,F,Asian,Chinese
293,Meilin,F,Asian,Chinese
294,Meirong,F,Asian,Chinese
295,Meixiang,F,Asian,Chinese
296,Meixiu,F,Asian,Chinese
297,Meiying,F,Asian,Chinese
298,Meizhen,F,Asian,Chinese
299,Ming-huá:,F,Asian,Chinese
300,Mingxia,F,Asian,Chinese
301,Mingyu,F,Asian,Chinese
302,Mingzhu,F,Asian,Chinese
303,Mu lan,F,Asian,Chinese
304,Mu tan,F,Asian,Chinese
305,Ning,F,Asian,Chinese
306,Ninghong,F,Asian,Chinese
307,Niu,F,Asian,Chinese
308,Nuo,F,Asian,Chinese
309,Nuwa,F,Asian,Chinese
310,Peijing,F,Asian,Chinese
311,Peizhi,F,Asian,Chinese
312,Ping,F,Asian,Chinese
313,Qiànrú,F,Asian,Chinese
314,Qiao,F,Asian,Chinese
315,Qiaohui,F,Asian,Chinese
316,Qiaolian,F,Asian,Chinese
317,Qing,F,Asian,Chinese
318,Qingge,F,Asian,Chinese
319,Qingling,F,Asian,Chinese
320,Qingzhao,F,Asian,Chinese
321,Qiu,F,Asian,Chinese
322,Qiuyue,F,Asian,Chinese
323,Rùfen,F,Asian,Chinese
324,Renxiang,F,Asian,Chinese
325,Rong,F,Asian,Chinese
326,Rou,F,Asian,Chinese
327,Ruiling,F,Asian,Chinese
328,Ruolan,F,Asian,Chinese
329,Ruomei,F,Asian,Chinese
330,Shaoqing,F,Asian,Chinese
331,Sheu-fùh,F,Asian,Chinese
332,Shihong,F,Asian,Chinese
333,Shu,F,Asian,Chinese
334,Shuang,F,Asian,Chinese
335,Shuchun,F,Asian,Chinese
336,Shun,F,Asian,Chinese
337,Song,F,Asian,Chinese
338,Suyin,F,Asian,Chinese
339,Syà,F,Asian,Chinese
340,Sying,F,Asian,Chinese
341,Tè,F,Asian,Chinese
342,Tao,F,Asian,Chinese
343,Ting,F,Asian,Chinese
344,Tu,F,Asian,Chinese
345,Ushi,F,Asian,Chinese
346,Weici,F,Asian,Chinese
347,Wen,F,Asian,Chinese
348,Wenling,F,Asian,Chinese
349,Wenquian,F,Asian,Chinese
350,Xia,F,Asian,Chinese
351,Xiaodan,F,Asian,Chinese
352,Xiaofan,F,Asian,Chinese
353,Xiaohui,F,Asian,Chinese
354,Xiaojian,F,Asian,Chinese
355,Xiaojing,F,Asian,Chinese
356,Xiaoli,F,Asian,Chinese
357,Xiaolian,F,Asian,Chinese
358,Xiaoling,F,Asian,Chinese
359,Xiaoqing,F,Asian,Chinese
360,Xiaosheng,F,Asian,Chinese
361,Xiaotong,F,Asian,Chinese
362,Xiaozhi,F,Asian,Chinese
363,Xifeng,F,Asian,Chinese
364,Xingjuan,F,Asian,Chinese
365,Xiu Mei,F,Asian,Chinese
366,Xiulan,F,Asian,Chinese
367,Xiurong,F,Asian,Chinese
368,Xiuying,F,Asian,Chinese
369,Xueman,F,Asian,Chinese
370,Yáng,F,Asian,Chinese
371,Yín,F,Asian,Chinese
372,Yüying,F,Asian,Chinese
373,Yüzhen,F,Asian,Chinese
374,Ya,F,Asian,Chinese
375,Yan,F,Asian,Chinese
376,Yanmei,F,Asian,Chinese
377,Yanyu,F,Asian,Chinese
378,Yet Kwai,F,Asian,Chinese
379,Ying,F,Asian,Chinese
380,Yingtai,F,Asian,Chinese
381,Yow,F,Asian,Chinese
382,Yu,F,Asian,Chinese
383,Yuèhai,F,Asian,Chinese
384,Yuèqín,F,Asian,Chinese
385,Yuan,F,Asian,Chinese
386,Yubi,F,Asian,Chinese
387,Yue,F,Asian,Chinese
388,Yuet,F,Asian,Chinese
389,Yu-jun,F,Asian,Chinese
390,Yuk,F,Asian,Chinese
391,Yuke,F,Asian,Chinese
392,Yuming,F,Asian,Chinese
393,Yun,F,Asian,Chinese
394,Yunru,F,Asian,Chinese
395,Yusheng,F,Asian,Chinese
396,Zhaohui,F,Asian,Chinese
397,Zhenzhen,F,Asian,Chinese
398,Zhilan,F,Asian,Chinese
399,Zhu,F,Asian,Chinese
400,Zongying,F,Asian,Chinese
